id,hashtag,popularity_score,competition_level,engagement_rate,collected_at,source,is_relevant
1,#fun,,,,2025-09-12T16:05:42.216407,,True
2,#python,,,,2025-09-12T16:05:42.218118,,True
3,#AI,,,,2025-09-12T16:05:42.218118,,True
4,#longervideos,,,,2025-09-12T16:12:53.294356,,True
5,#1min,,,,2025-09-12T16:12:53.295859,,True
6,#latenightsnack,,,,2025-09-12T16:12:53.295859,,True
7,#gamercheck,,,,2025-09-12T16:12:53.295859,,True
8,#ÿßÿ∫ŸÜŸäÿ©_ŸÑÿ§ŸÑÿ§,,,,2025-09-12T16:12:53.295859,,True
9,#notthatmuch,,,,2025-09-12T16:12:53.295859,,True
10,#ŸÖÿß_ŸÜÿ≥ÿ™ŸÖÿ±,,,,2025-09-12T16:12:53.295859,,True
11,#ÿßŸÖÿ∑ÿ±Ÿä_ŸÇŸÑÿ®Ÿä,,,,2025-09-12T16:12:53.295859,,True
12,#valentinesday2021,,,,2025-09-12T16:12:53.295859,,True
13,#ontheradio,,,,2025-09-12T16:12:53.295859,,True
14,#perfectcouple,,,,2025-09-12T16:12:53.295859,,True
15,#emojimakeup,,,,2025-09-12T16:12:53.295859,,True
16,#LearnaboutMusic,,,,2025-09-12T16:12:53.295859,,True
17,#our_differences,,,,2025-09-12T16:12:53.295859,,True
18,#moreaboutme,,,,2025-09-12T16:12:53.295859,,True
19,#feitodepalha√ßo,,,,2025-09-12T16:12:53.295859,,True
20,#‡∏Ñ‡∏ß‡∏≤‡∏°‡∏£‡∏±‡∏Å‡πÉ‡∏ô‡πÄ‡∏Å‡∏°,,,,2025-09-12T16:12:53.295859,,True
21,#bamboleochallenge,,,,2025-09-12T16:12:53.295859,,True
22,#sylwestermarze≈Ñ,,,,2025-09-12T16:12:53.295859,,True
23,#yearontiktok,,,,2025-09-12T16:12:53.295859,,True
84,#springbreak,,,,2025-09-12T16:45:58.424839,,True
85,#lange,,,,2025-09-12T16:45:58.425843,,True
86,#beautyinfullbloom,,,,2025-09-12T16:45:58.425843,,True
87,#lovemyhome,,,,2025-09-12T16:45:58.425843,,True
88,#findyourjun,,,,2025-09-12T16:45:58.425843,,True
89,#beachwavertok,,,,2025-09-12T16:45:58.425843,,True
90,#globalpick,,,,2025-09-12T16:45:58.425843,,True
91,#micronewarrivals,,,,2025-09-12T16:45:58.425843,,True
92,#homerefresh,,,,2025-09-12T16:45:58.425843,,True
93,#wantitgotit,,,,2025-09-12T16:45:58.425843,,True
94,#SuperBrandDay,,,,2025-09-12T16:45:58.425843,,True
95,#truly,,,,2025-09-12T16:45:58.425843,,True
96,#neurogum,,,,2025-09-12T16:45:58.425843,,True
97,#schoolhacks,,,,2025-09-12T16:45:58.425843,,True
98,#tiktokshopcreatorpicks,,,,2025-09-12T16:45:58.425843,,True
99,#globalpicks,,,,2025-09-12T16:45:58.425843,,True
100,#phlurpeachskin,,,,2025-09-12T16:45:58.425843,,True
101,#fallfreshness,,,,2025-09-12T16:45:58.425843,,True
102,#springintohealth,,,,2025-09-12T16:45:58.425843,,True
103,#smartliving,,,,2025-09-12T16:45:58.425843,,True
144,#paris,,,,2025-09-12T17:12:56.505303+00:00,AltSites,True
149,#shoes,,,,2025-09-12T17:12:56.507302+00:00,AltSites,True
150,#lipbalm,,,,2025-09-12T17:12:56.507302+00:00,AltSites,True
151,#blackfriday,,,,2025-09-12T17:12:56.507302+00:00,AltSites,True
152,#thanksgiving,,,,2025-09-12T17:12:56.507302+00:00,AltSites,True
153,#inmydenim,,,,2025-09-12T17:12:56.507302+00:00,AltSites,True
156,#sponsored,,,,2025-09-12T17:12:56.507302+00:00,AltSites,True
157,#makeeverysecondcount,,,,2025-09-12T17:12:56.507302+00:00,AltSites,True
158,#fashion,,,,2025-09-12T17:12:56.507302+00:00,AltSites,True
159,#model,,,,2025-09-12T17:12:56.507302+00:00,AltSites,True
164,#1,,,,2025-09-12T17:12:56.507302+00:00,AltSites,True
165,#owalafreesiptwist,,,,2025-09-12T17:12:56.507302+00:00,AltSites,True
166,#teamwork,,,,2025-09-12T17:12:56.507302+00:00,AltSites,True
167,#cobrakai,,,,2025-09-12T17:12:56.507302+00:00,AltSites,True
168,#kamalaharris,,,,2025-09-12T17:12:56.507302+00:00,AltSites,True
169,#rosaquelindaeres,,,,2025-09-12T17:12:56.507302+00:00,AltSites,True
170,#deadpool,,,,2025-09-12T17:12:56.507302+00:00,AltSites,True
171,#youknowme,,,,2025-09-12T17:12:56.507302+00:00,AltSites,True
172,#kamala,,,,2025-09-12T17:12:56.507302+00:00,AltSites,True
173,#deadpoolandwolverine,,,,2025-09-12T17:12:56.507302+00:00,AltSites,True
174,#greeneyes,,,,2025-09-12T17:12:56.507302+00:00,AltSites,True
175,#dkane,,,,2025-09-12T17:12:56.507302+00:00,AltSites,True
176,#wildfire,,,,2025-09-12T17:12:56.507302+00:00,AltSites,True
177,#migueldiaz,,,,2025-09-12T17:12:56.507302+00:00,AltSites,True
178,#harris,,,,2025-09-12T17:12:56.507302+00:00,AltSites,True
179,#collegefootball,,,,2025-09-12T17:12:56.507302+00:00,AltSites,True
180,#arad,,,,2025-09-12T17:12:56.507302+00:00,AltSites,True
181,#teamworkifb,,,,2025-09-12T17:12:56.507302+00:00,AltSites,True
182,#deadpool3,,,,2025-09-12T17:12:56.507302+00:00,AltSites,True
183,#kdays,,,,2025-09-12T17:12:56.507302+00:00,AltSites,True
184,#louistomlinson,,,,2025-09-12T17:12:56.507302+00:00,AltSites,True
185,#zaynmalik,,,,2025-09-12T17:12:56.507302+00:00,AltSites,True
186,#filtergame,,,,2025-09-12T17:12:56.507302+00:00,AltSites,True
187,#liampayne,,,,2025-09-12T17:12:56.507302+00:00,AltSites,True
188,#hazeleyes,,,,2025-09-12T17:12:56.507302+00:00,AltSites,True
189,#1d,,,,2025-09-12T17:12:56.507302+00:00,AltSites,True
190,#parisolympics2024,,,,2025-09-12T17:12:56.507302+00:00,AltSites,True
191,#johnnylawerence,,,,2025-09-12T17:12:56.507302+00:00,AltSites,True
192,#mal,,,,2025-09-12T17:12:56.507302+00:00,AltSites,True
193,#wildfires,,,,2025-09-12T17:12:56.507302+00:00,AltSites,True
194,#harris2024,,,,2025-09-12T17:12:56.507302+00:00,AltSites,True
195,#christyson,,,,2025-09-12T17:12:56.507302+00:00,AltSites,True
196,#kristyson,,,,2025-09-12T17:12:56.507302+00:00,AltSites,True
197,#evacuation,,,,2025-09-12T17:12:56.507302+00:00,AltSites,True
198,#bankofcanada,,,,2025-09-12T17:12:56.507302+00:00,AltSites,True
199,#fanta,,,,2025-09-12T17:12:56.507302+00:00,AltSites,True
200,#theunsentproject,,,,2025-09-12T17:12:56.507302+00:00,AltSites,True
201,#descendants2,,,,2025-09-12T17:12:56.507302+00:00,AltSites,True
202,#caribana,,,,2025-09-12T17:12:56.507302+00:00,AltSites,True
203,#silky,,,,2025-09-12T17:12:56.507302+00:00,AltSites,True
204,#pressure,,,,2025-09-12T17:12:56.507302+00:00,AltSites,True
205,#dedosenloscirculos,,,,2025-09-12T17:12:56.507302+00:00,AltSites,True
206,#slash,,,,2025-09-12T17:12:56.507302+00:00,AltSites,True
207,#blakelively,,,,2025-09-12T17:12:56.507302+00:00,AltSites,True
208,#appledance,,,,2025-09-12T17:12:56.507302+00:00,AltSites,True
209,#parisolympics,,,,2025-09-12T17:12:56.507302+00:00,AltSites,True
210,#forestfire,,,,2025-09-12T17:12:56.507302+00:00,AltSites,True
211,#caratland,,,,2025-09-12T17:12:56.507302+00:00,AltSites,True
212,#leoseason,,,,2025-09-12T17:12:56.507302+00:00,AltSites,True
213,#decendants,,,,2025-09-12T17:12:56.507302+00:00,AltSites,True
214,#leahandmiguel,,,,2025-09-12T17:12:56.507302+00:00,AltSites,True
215,#brainjotter,,,,2025-09-12T17:12:56.507302+00:00,AltSites,True
216,#wave,,,,2025-09-12T17:12:56.507302+00:00,AltSites,True
217,#ufc304,,,,2025-09-12T17:12:56.507302+00:00,AltSites,True
218,#minigame,,,,2025-09-12T17:12:56.507302+00:00,AltSites,True
219,#toohottohandle,,,,2025-09-12T17:12:56.507302+00:00,AltSites,True
220,#futties,,,,2025-09-12T17:12:56.507302+00:00,AltSites,True
221,#b99,,,,2025-09-12T17:12:56.507302+00:00,AltSites,True
222,#descendants3,,,,2025-09-12T17:12:56.507302+00:00,AltSites,True
223,#menace,,,,2025-09-12T17:12:56.507302+00:00,AltSites,True
224,#jeuxolympiques,,,,2025-09-12T17:12:56.507302+00:00,AltSites,True
225,#caratland2024,,,,2025-09-12T17:12:56.507302+00:00,AltSites,True
226,#directioner,,,,2025-09-12T17:12:56.507302+00:00,AltSites,True
227,#10thingsihataboutyou,,,,2025-09-12T17:12:56.507302+00:00,AltSites,True
228,#summerslam,,,,2025-09-12T17:12:56.507302+00:00,AltSites,True
229,#aeedit,,,,2025-09-12T17:12:56.507302+00:00,AltSites,True
230,#evie,,,,2025-09-12T17:12:56.507302+00:00,AltSites,True
231,#tacotuesday,,,,2025-09-12T17:12:56.507302+00:00,AltSites,True
232,#elimoskowitz,,,,2025-09-12T17:12:56.507302+00:00,AltSites,True
233,#edwin,,,,2025-09-12T17:12:56.507302+00:00,AltSites,True
234,#clario,,,,2025-09-12T17:12:56.507302+00:00,AltSites,True
235,#kamala2024,,,,2025-09-12T17:12:56.507302+00:00,AltSites,True
236,#slowedandreverb,,,,2025-09-12T17:12:56.507302+00:00,AltSites,True
237,#serenaloveisland,,,,2025-09-12T17:12:56.507302+00:00,AltSites,True
238,#pimplepatch,,,,2025-09-12T17:12:56.507302+00:00,AltSites,True
239,#alexchino,,,,2025-09-12T17:12:56.507302+00:00,AltSites,True
240,#findingnemo,,,,2025-09-12T17:12:56.507302+00:00,AltSites,True
241,#itendswithus,,,,2025-09-12T17:12:56.507302+00:00,AltSites,True
242,#2003,,,,2025-09-12T17:12:56.507302+00:00,AltSites,True
243,#kennypayne,,,,2025-09-12T17:12:56.507302+00:00,AltSites,True
244,#gigihadid,,,,2025-09-12T17:12:56.507302+00:00,AltSites,True
245,#minecraftsmp,,,,2025-09-12T17:12:56.507302+00:00,AltSites,True
246,#ÁÉ≠Èó®,,,,2025-09-12T17:12:56.507302+00:00,AltSites,True
247,#jre,,,,2025-09-12T17:12:56.507302+00:00,AltSites,True
248,#glybo,,,,2025-09-12T17:12:56.507302+00:00,AltSites,True
249,#weightgainjourney,,,,2025-09-12T17:12:56.507302+00:00,AltSites,True
250,#runext,,,,2025-09-12T17:12:56.507302+00:00,AltSites,True
251,#firefighters,,,,2025-09-12T17:12:56.507302+00:00,AltSites,True
252,#jacobbertrand,,,,2025-09-12T17:12:56.507302+00:00,AltSites,True
253,#starman,,,,2025-09-12T17:12:56.507302+00:00,AltSites,True
254,#femininomenon,,,,2025-09-12T17:12:56.507302+00:00,AltSites,True
255,#leonedwards,,,,2025-09-12T17:12:56.507302+00:00,AltSites,True
256,#emokid,,,,2025-09-12T17:12:56.507302+00:00,AltSites,True
257,#keanureeves,,,,2025-09-12T17:12:56.507302+00:00,AltSites,True
258,#back2school,,,,2025-09-12T17:12:56.507302+00:00,AltSites,True
259,#benedictbridgerton,,,,2025-09-12T17:12:56.507302+00:00,AltSites,True
260,#kimdokja,,,,2025-09-12T17:12:56.507302+00:00,AltSites,True
261,#pokimane,,,,2025-09-12T17:12:56.507302+00:00,AltSites,True
262,#financiallyresponsible,,,,2025-09-12T17:12:56.507302+00:00,AltSites,True
263,#fiftyfifty,,,,2025-09-12T17:12:56.507302+00:00,AltSites,True
264,#zacefron,,,,2025-09-12T17:12:56.507302+00:00,AltSites,True
266,#backintheday,,,,2025-09-12T17:12:56.507302+00:00,AltSites,True
267,#FYP,,,,2025-09-12T17:12:56.507302+00:00,AltSites,True
268,#tiktokwitches,,,,2025-09-12T17:12:56.507302+00:00,AltSites,True
269,#howtomakeapeanutbutterandbananasandwich,,,,2025-09-12T17:12:56.507302+00:00,AltSites,True
270,#outdoorgrilling,,,,2025-09-12T17:12:56.507302+00:00,AltSites,True
271,#grillingseason,,,,2025-09-12T17:12:56.507302+00:00,AltSites,True
272,#foodtiktok,,,,2025-09-12T17:12:56.507302+00:00,AltSites,True
273,#foodtok,,,,2025-09-12T17:12:56.508305+00:00,AltSites,True
274,#mukbang,,,,2025-09-12T17:12:56.508305+00:00,AltSites,True
275,#asmr,,,,2025-09-12T17:12:56.508305+00:00,AltSites,True
276,#restenthusiast,,,,2025-09-12T17:12:56.508305+00:00,AltSites,True
277,#halloweenmakeup,,,,2025-09-12T17:12:56.508305+00:00,AltSites,True
278,#booktok,,,,2025-09-12T17:12:56.508305+00:00,AltSites,True
279,#dallascowboyscheerleaders,,,,2025-09-12T17:12:56.508305+00:00,AltSites,True
280,#sonicthehedgehogfanart,,,,2025-09-12T17:12:56.508305+00:00,AltSites,True
281,#makeupchallenge,,,,2025-09-12T17:12:56.508305+00:00,AltSites,True
282,#keychain,,,,2025-09-12T17:12:56.508305+00:00,AltSites,True
283,#keychainlover,,,,2025-09-12T17:12:56.508305+00:00,AltSites,True
284,#keychaintok,,,,2025-09-12T17:12:56.508305+00:00,AltSites,True
285,#smallbusinessowner,,,,2025-09-12T17:12:56.508305+00:00,AltSites,True
286,#theboyz,,,,2025-09-12T17:12:56.508305+00:00,AltSites,True
287,#ateez,,,,2025-09-12T17:12:56.508305+00:00,AltSites,True
288,#smallbiztok,,,,2025-09-12T17:12:56.508305+00:00,AltSites,True
289,#frankensteingirls,,,,2025-09-12T17:12:56.508305+00:00,AltSites,True
290,#hashtagconfidence,,,,2025-09-12T17:12:56.508305+00:00,AltSites,True
292,#fyp,,,,2025-09-12T17:12:56.508305+00:00,AltSites,True
293,#foryou,,,,2025-09-12T17:12:56.508305+00:00,AltSites,True
294,#viral,,,,2025-09-12T17:12:56.508305+00:00,AltSites,True
295,#foryoupage,,,,2025-09-12T17:12:56.508305+00:00,AltSites,True
296,#tiktok,,,,2025-09-12T17:12:56.508305+00:00,AltSites,True
297,#fy,,,,2025-09-12T17:12:56.508305+00:00,AltSites,True
298,#trending,,,,2025-09-12T17:12:56.508305+00:00,AltSites,True
299,#funny,,,,2025-09-12T17:12:56.508305+00:00,AltSites,True
300,#duet,,,,2025-09-12T17:12:56.508305+00:00,AltSites,True
301,#comedy,,,,2025-09-12T17:12:56.508305+00:00,AltSites,True
302,#snow,,,,2025-09-12T17:12:56.508305+00:00,AltSites,True
303,#valentinesday,,,,2025-09-12T17:12:56.508305+00:00,AltSites,True
304,#snowday,,,,2025-09-12T17:12:56.508305+00:00,AltSites,True
305,#roscadereyes,,,,2025-09-12T17:12:56.508305+00:00,AltSites,True
306,#sundayfunday,,,,2025-09-12T17:12:56.508305+00:00,AltSites,True
307,#anyonebutyou,,,,2025-09-12T17:12:56.508305+00:00,AltSites,True
308,#texans,,,,2025-09-12T17:12:56.508305+00:00,AltSites,True
309,#nflplayoffs,,,,2025-09-12T17:12:56.508305+00:00,AltSites,True
310,#hallebailey,,,,2025-09-12T17:12:56.508305+00:00,AltSites,True
311,#nieve,,,,2025-09-12T17:12:56.508305+00:00,AltSites,True
312,#learnontiktok,,,,2025-09-12T17:12:56.508305+00:00,AltSites,True
313,#smallbusiness,,,,2025-09-12T17:12:56.508305+00:00,AltSites,True
314,#business,,,,2025-09-12T17:12:56.508305+00:00,AltSites,True
316,#supportsmallbusiness,,,,2025-09-12T17:12:56.508305+00:00,AltSites,True
317,#smallbusinesstiktok,,,,2025-09-12T17:12:56.508305+00:00,AltSites,True
318,#smallbiz,,,,2025-09-12T17:12:56.508305+00:00,AltSites,True
319,#businesstips,,,,2025-09-12T17:12:56.508305+00:00,AltSites,True
320,#shoplocal,,,,2025-09-12T17:12:56.508305+00:00,AltSites,True
321,#smallbusinesstips,,,,2025-09-12T17:12:56.508305+00:00,AltSites,True
322,#makeup,,,,2025-09-12T17:12:56.508305+00:00,AltSites,True
324,#style,,,,2025-09-12T17:12:56.508305+00:00,AltSites,True
325,#makeuptutorial,,,,2025-09-12T17:12:56.508305+00:00,AltSites,True
326,#tiktokfashion,,,,2025-09-12T17:12:56.508305+00:00,AltSites,True
327,#mensfashion,,,,2025-09-12T17:12:56.508305+00:00,AltSites,True
329,#fashionhacks,,,,2025-09-12T17:12:56.508305+00:00,AltSites,True
330,#makeuptips,,,,2025-09-12T17:12:56.508305+00:00,AltSites,True
331,#streetstyle,,,,2025-09-12T17:12:56.508305+00:00,AltSites,True
332,#gym,,,,2025-09-12T17:12:56.508305+00:00,AltSites,True
333,#fitness,,,,2025-09-12T17:12:56.508305+00:00,AltSites,True
334,#sports,,,,2025-09-12T17:12:56.508305+00:00,AltSites,True
335,#workout,,,,2025-09-12T17:12:56.508305+00:00,AltSites,True
336,#sport,,,,2025-09-12T17:12:56.508305+00:00,AltSites,True
337,#health,,,,2025-09-12T17:12:56.508305+00:00,AltSites,True
338,#gymmotivation,,,,2025-09-12T17:12:56.508305+00:00,AltSites,True
339,#fit,,,,2025-09-12T17:12:56.508305+00:00,AltSites,True
340,#fitnessmotivation,,,,2025-09-12T17:12:56.508305+00:00,AltSites,True
341,#gymlife,,,,2025-09-12T17:12:56.508305+00:00,AltSites,True
342,#food,,,,2025-09-12T17:12:56.508305+00:00,AltSites,True
344,#tiktokfood,,,,2025-09-12T17:12:56.508305+00:00,AltSites,True
345,#recipe,,,,2025-09-12T17:12:56.508305+00:00,AltSites,True
346,#yummy,,,,2025-09-12T17:12:56.508305+00:00,AltSites,True
347,#foodlover,,,,2025-09-12T17:12:56.508305+00:00,AltSites,True
348,#easyrecipe,,,,2025-09-12T17:12:56.508305+00:00,AltSites,True
349,#dinner,,,,2025-09-12T17:12:56.508305+00:00,AltSites,True
350,#foodfestontiktok,,,,2025-09-12T17:12:56.508305+00:00,AltSites,True
351,#tasty,,,,2025-09-12T17:12:56.508305+00:00,AltSites,True
352,#iphone,,,,2025-09-12T17:12:56.508305+00:00,AltSites,True
353,#tech,,,,2025-09-12T17:12:56.508305+00:00,AltSites,True
354,#android,,,,2025-09-12T17:12:56.508305+00:00,AltSites,True
355,#techtok,,,,2025-09-12T17:12:56.508305+00:00,AltSites,True
356,#technology,,,,2025-09-12T17:12:56.508305+00:00,AltSites,True
357,#corporate,,,,2025-09-12T17:12:56.508305+00:00,AltSites,True
358,#startup,,,,2025-09-12T17:12:56.508305+00:00,AltSites,True
359,#softwareengineer,,,,2025-09-12T17:12:56.508305+00:00,AltSites,True
360,#developer,,,,2025-09-12T17:12:56.508305+00:00,AltSites,True
361,#software,,,,2025-09-12T17:12:56.508305+00:00,AltSites,True
362,#explore,,,,2025-09-12T17:12:56.508305+00:00,AltSites,True
363,#travel,,,,2025-09-12T17:12:56.508305+00:00,AltSites,True
364,#traveltiktok,,,,2025-09-12T17:12:56.508305+00:00,AltSites,True
365,#tiktoktravel,,,,2025-09-12T17:12:56.508305+00:00,AltSites,True
366,#adventure,,,,2025-09-12T17:12:56.508305+00:00,AltSites,True
367,#hotel,,,,2025-09-12T17:12:56.508305+00:00,AltSites,True
368,#traveltok,,,,2025-09-12T17:12:56.508305+00:00,AltSites,True
369,#thingstodo,,,,2025-09-12T17:12:56.508305+00:00,AltSites,True
370,#traveling,,,,2025-09-12T17:12:56.508305+00:00,AltSites,True
371,#traveltips,,,,2025-09-12T17:12:56.508305+00:00,AltSites,True
373,#VeganRecipes,,,,2025-09-12T17:12:56.508305+00:00,AltSites,True
374,#PlantBasedCooking,,,,2025-09-12T17:12:56.508305+00:00,AltSites,True
380,#love,,,,2025-09-12T17:12:56.512303+00:00,FallbackLists,True
383,#dance,,,,2025-09-12T17:12:56.512303+00:00,FallbackLists,True
384,#music,,,,2025-09-12T17:12:56.512303+00:00,FallbackLists,True
385,#art,,,,2025-09-12T17:12:56.512303+00:00,FallbackLists,True
389,#beauty,,,,2025-09-12T17:12:56.512303+00:00,FallbackLists,True
390,#gaming,,,,2025-09-12T17:12:56.512303+00:00,FallbackLists,True
393,#life,,,,2025-09-12T17:12:56.512303+00:00,FallbackLists,True
394,#happy,,,,2025-09-12T17:12:56.512303+00:00,FallbackLists,True
395,#family,,,,2025-09-12T17:12:56.512303+00:00,FallbackLists,True
396,#friends,,,,2025-09-12T17:12:56.512303+00:00,FallbackLists,True
397,#nature,,,,2025-09-12T17:12:56.512303+00:00,FallbackLists,True
398,#photography,,,,2025-09-12T17:12:56.512303+00:00,FallbackLists,True
400,#ootd,,,,2025-09-12T17:12:56.512303+00:00,FallbackLists,True
402,#skincare,,,,2025-09-12T17:12:56.512303+00:00,FallbackLists,True
403,#home,,,,2025-09-12T17:12:56.512303+00:00,FallbackLists,True
4284,#artist,,,,2025-09-15 03:02:16.157478,,True
4285,#tradition,,,,2025-09-15 03:02:16.159979,,True
4286,#–ø–æ–≤–æ—Ä–æ—Ç–Ω–∞—è–ø–µ—Ä–µ–≥–æ—Ä–æ–¥–∫–∞,,,,2025-09-15 03:02:16.159979,,True
4287,#satisfyingart,,,,2025-09-15 03:02:16.159979,,True
4288,#Design,,,,2025-09-15 03:02:16.159979,,True
4289,#carpenter,,,,2025-09-15 03:02:16.159979,,True
4290,#1x6x8,,,,2025-09-15 03:02:16.159979,,True
4291,#woodworkingcommunity,,,,2025-09-15 03:02:16.159979,,True
4292,#router,,,,2025-09-15 03:02:16.159979,,True
4293,#diy,,,,2025-09-15 03:02:16.159979,,True
4294,#jesussaves,,,,2025-09-15 03:02:16.159979,,True
4295,#woodbending,,,,2025-09-15 03:02:16.159979,,True
4296,#EfficientWoodworking,,,,2025-09-15 03:02:16.159979,,True
4297,#plane,,,,2025-09-15 03:02:16.159979,,True
4298,#2819,,,,2025-09-15 03:02:16.159979,,True
4299,#woodworkforall,,,,2025-09-15 03:02:16.159979,,True
4300,#smarthometechnology,,,,2025-09-15 03:02:23.474266,,True
4301,#GrassCare,,,,2025-09-15 03:02:30.806104,,True
4302,#creativity,,,,2025-09-15 03:02:37.406217,,True
4303,#cooltools,,,,2025-09-15 03:02:51.391038,,True
4304,#sheetmetal,,,,2025-09-15 03:02:51.393539,,True
4305,#homedepot,,,,2025-09-15 03:02:51.393539,,True
4306,#trades,,,,2025-09-15 03:02:51.393539,,True
4307,#cutting,,,,2025-09-15 03:02:51.393539,,True
4308,#powertools101,,,,2025-09-15 03:02:51.393539,,True
4309,#torquewrench,,,,2025-09-15 03:02:51.393539,,True
4310,#WoodShelves,,,,2025-09-15 03:03:48.926184,,True
4311,#experiment,,,,2025-09-15 03:33:10.133424,,True
4312,#roofer,,,,2025-09-15 03:33:10.133424,,True
4313,#powertools,,,,2025-09-15 03:33:10.133424,,True
4314,#wrench,,,,2025-09-15 03:33:10.133424,,True
4315,#powertool,,,,2025-09-15 03:33:10.133424,,True
4316,#milwaukee,,,,2025-09-15 03:33:10.133424,,True
4317,#outdoors,,,,2025-09-15 03:33:10.133424,,True
4318,#SuperBowlLV,,,,2025-09-15 03:33:18.036760,,True
4319,#sydneybuilder,,,,2025-09-15 03:33:18.036760,,True
4320,#architecture,,,,2025-09-15 03:33:18.036760,,True
4321,#lawnmower,,,,2025-09-15 03:33:28.226485,,True
4322,#chevy,,,,2025-09-15 03:33:28.226485,,True
4323,#country,,,,2025-09-15 03:33:28.226485,,True
4324,#goals,,,,2025-09-15 03:33:28.226485,,True
4325,#xy,,,,2025-09-15 03:33:28.226485,,True
4326,#boosted,,,,2025-09-15 03:33:28.226485,,True
4327,#Creative,,,,2025-09-15 03:34:00.117007,,True
4328,#Woodwork,,,,2025-09-15 03:34:00.118012,,True
4329,#marvonovo,,,,2025-09-15 03:34:25.881487,,True
4330,#cleantok,,,,2025-09-15 03:34:25.881487,,True
4331,#chinese,,,,2025-09-15 03:34:25.881487,,True
4332,#money,,,,2025-09-15 03:34:25.881487,,True
4333,#lifehack,,,,2025-09-15 03:34:25.881487,,True
4334,#hometok,,,,2025-09-15 03:34:25.881487,,True
4335,#office,,,,2025-09-15 03:34:25.881487,,True
4336,#housetour,,,,2025-09-15 03:34:25.881487,,True
4337,#designtok,,,,2025-09-15 03:34:25.881487,,True
4338,#smart,,,,2025-09-15 03:34:25.881487,,True
4339,#shop,,,,2025-09-15 03:34:25.881487,,True
4340,#homestead,,,,2025-09-15 03:34:25.881487,,True
4341,#smartdecor,,,,2025-09-15 03:34:25.881487,,True
4342,#coffee,,,,2025-09-15 03:34:44.266297,,True
4343,#mountains,,,,2025-09-15 03:34:52.389723,,True
4344,#solotravel,,,,2025-09-15 03:34:52.389723,,True
4345,#alaska,,,,2025-09-15 03:34:52.389723,,True
4346,#marvelcomics,,,,2025-09-15 03:35:26.324574,,True
4347,#reed,,,,2025-09-15 03:35:26.324574,,True
4348,#ultimatefantasticfour,,,,2025-09-15 03:35:26.324574,,True
4349,#braceletmaker,,,,2025-09-15 03:35:26.324574,,True
4350,#staycurious,,,,2025-09-15 03:35:35.011488,,True
4351,#funkyart,,,,2025-09-15 03:35:35.011488,,True
4352,#Creativity,,,,2025-09-15 03:35:35.011488,,True
4353,#CreativeExpression,,,,2025-09-15 03:35:35.011488,,True
4354,#marker,,,,2025-09-15 03:35:35.011488,,True
4355,#creators,,,,2025-09-15 03:35:35.011488,,True
4356,#advice,,,,2025-09-15 03:35:35.011488,,True
4357,#feelings,,,,2025-09-15 03:35:35.012486,,True
4358,#ForYou,,,,2025-09-15 03:35:44.496985,,True
4359,#landscapelighting,,,,2025-09-15 03:35:44.496985,,True
4360,#goodjob,,,,2025-09-15 03:35:44.496985,,True
4361,#lovers,,,,2025-09-15 03:35:44.496985,,True
4362,#milwaukeetools,,,,2025-09-15 03:35:44.496985,,True
4363,#grandir,,,,2025-09-15 03:35:56.022668,,True
4364,#staircase,,,,2025-09-15 03:35:56.022668,,True
4365,#handmadeclothes,,,,2025-09-15 03:35:56.022668,,True
4366,#generalcontractor,,,,2025-09-15 03:36:05.085823,,True
4367,#quebecois,,,,2025-09-15 12:41:02.224364,,True
4368,#decor,,,,2025-09-15 12:41:29.851949,,True
4369,#ford,,,,2025-09-15 12:41:29.852299,,True
4370,#lawncare,,,,2025-09-15 12:42:36.939327,,True
4371,#produce,,,,2025-09-15 12:42:46.840087,,True
4372,#virginiagardner,,,,2025-09-15 12:42:46.840294,,True
4373,#gardentools,,,,2025-09-15 12:42:46.840306,,True
4374,#gardening101,,,,2025-09-15 12:42:46.840320,,True
4375,#farming,,,,2025-09-15 12:42:46.840324,,True
4376,#vegetables,,,,2025-09-15 12:42:46.840328,,True
4377,#flowers,,,,2025-09-15 12:42:46.840332,,True
4378,#floridagardens,,,,2025-09-15 12:42:46.840335,,True
4379,#planting,,,,2025-09-15 12:42:46.840339,,True
4380,#f,,,,2025-09-15 12:43:02.329044,,True
4381,#tools,,,,2025-09-15 12:43:47.806473,,True
4382,#spot,,,,2025-09-15 12:43:58.924011,,True
4383,#wintercamping,,,,2025-09-15 12:43:58.924216,,True
4384,#yosemite,,,,2025-09-15 12:43:58.924227,,True
4385,#Hiking,,,,2025-09-15 12:43:58.924232,,True
4386,#seasons,,,,2025-09-15 12:43:58.924245,,True
4387,#water,,,,2025-09-15 12:43:58.924249,,True
4388,#landscapers,,,,2025-09-15 12:44:08.414723,,True
4389,#house,,,,2025-09-15 12:44:39.706269,,True
4390,#lighting,,,,2025-09-15 12:44:39.706481,,True
4391,#remodel,,,,2025-09-15 12:44:39.706501,,True
4392,#interiors,,,,2025-09-15 12:44:39.706507,,True
4393,#lawntips,,,,2025-09-15 16:26:07.519915,,True
4394,#garden,,,,2025-09-15 16:26:07.520127,,True
4395,#newhampshire,,,,2025-09-15 16:26:07.520174,,True
4396,#gardening,,,,2025-09-15 16:26:07.520184,,True
4397,#LandscapeContractor,,,,2025-09-15 16:26:07.520190,,True
4398,#motivational,,,,2025-09-15 16:26:07.520196,,True
4399,#dog,,,,2025-09-15 16:26:27.827364,,True
4400,#icemaker,,,,2025-09-15 16:26:27.827411,,True
4401,#craft,,,,2025-09-15 16:26:27.827421,,True
4402,#poscapartner,,,,2025-09-15 16:26:27.827429,,True
4403,#crafter,,,,2025-09-15 16:26:27.827437,,True
4404,#sonicice,,,,2025-09-15 16:26:27.827444,,True
4405,#greenbeans,,,,2025-09-15 16:26:37.518790,,True
4406,#electrician,,,,2025-09-15 16:27:06.052115,,True
4407,#simple,,,,2025-09-15 16:27:06.052370,,True
4408,#craftsman,,,,2025-09-15 16:27:06.052395,,True
4409,#independent,,,,2025-09-15 16:27:06.052405,,True
4410,#household,,,,2025-09-15 16:27:06.052411,,True
4411,#woodworkingshop,,,,2025-09-15 16:27:06.052417,,True
4412,#toolant,,,,2025-09-15 16:27:06.052424,,True
4413,#goodthing,,,,2025-09-15 16:27:06.052430,,True
4414,#class,,,,2025-09-15 16:27:06.052436,,True
4415,#greenscreen,,,,2025-09-15 16:27:06.052442,,True
4416,#woodwork,,,,2025-09-15 16:27:06.052449,,True
4417,#3,,,,2025-09-15 16:27:06.052455,,True
4418,#giftforhim,,,,2025-09-15 16:27:06.052462,,True
4419,#rich,,,,2025-09-15 16:27:06.052470,,True
4420,#perfect,,,,2025-09-15 16:27:06.052474,,True
4421,#ryobi,,,,2025-09-15 16:27:06.052477,,True
4422,#buy,,,,2025-09-15 16:27:06.052481,,True
4423,#hardware,,,,2025-09-15 16:27:06.052484,,True
4424,#support,,,,2025-09-15 16:27:06.052488,,True
4425,#kitchen,,,,2025-09-15 16:27:12.882113,,True
4426,#aesthetic,,,,2025-09-15 16:27:43.466474,,True
4427,#wildbuilding,,,,2025-09-15 16:27:55.827369,,True
4428,#bloom,,,,2025-09-15 16:27:55.827461,,True
4429,#homeimprovements,,,,2025-09-15 16:28:35.733488,,True
4430,#housebuilding,,,,2025-09-15 16:29:23.714456,,True
4431,#lifestyle,,,,2025-09-15 16:29:38.988947,,True
4432,#construction,,,,2025-09-15 16:29:56.940816,,True
4433,#crafters,,,,2025-09-15 20:24:18.141644,,True
4434,#apprentices,,,,2025-09-15 20:24:18.141959,,True
4435,#tutorial,,,,2025-09-15 20:24:18.141973,,True
4436,#goldcypressmop,,,,2025-09-15 20:24:31.583460,,True
4437,#backyardgarden,,,,2025-09-15 20:24:31.583508,,True
4438,#boxwood,,,,2025-09-15 20:24:31.583518,,True
4439,#landscaper,,,,2025-09-15 20:24:31.583525,,True
4440,#tropicalvibes,,,,2025-09-15 20:24:31.583596,,True
4441,#woodcrafts,,,,2025-09-15 20:24:46.104280,,True
4442,#traditional,,,,2025-09-15 20:24:46.104322,,True
4443,#handmadecraft,,,,2025-09-15 20:24:46.104329,,True
4444,#satisfyingwoodworking,,,,2025-09-15 20:24:46.104334,,True
4445,#update,,,,2025-09-15 20:24:59.539049,,True
4446,#ideas,,,,2025-09-15 20:24:59.539096,,True
4447,#toronto,,,,2025-09-15 20:25:31.484014,,True
4448,#gadget,,,,2025-09-15 20:25:31.484251,,True
4449,#gecafe,,,,2025-09-15 20:25:31.484272,,True
4450,#ge,,,,2025-09-15 20:25:31.484290,,True
4451,#kitchens,,,,2025-09-15 20:25:31.484295,,True
4452,#VitaKari,,,,2025-09-15 20:25:44.195521,,True
4453,#consistency,,,,2025-09-15 20:25:44.195628,,True
4454,#ag,,,,2025-09-15 20:25:58.830609,,True
4455,#decorhome,,,,2025-09-15 20:26:28.952923,,True
4456,#hardwood,,,,2025-09-15 20:26:28.952969,,True
4457,#netherportal,,,,2025-09-15 20:26:42.038612,,True
4458,#legocity,,,,2025-09-15 20:26:42.038659,,True
4459,#homeimprovement,,,,2025-09-15 20:27:03.158809,,True
4460,#reviews,,,,2025-09-15 20:27:16.309958,,True
4461,#masteringmayhem,,,,2025-09-15 20:27:16.310193,,True
4462,#solohiker,,,,2025-09-15 20:27:28.088169,,True
4463,#HomeownerHacks,,,,2025-09-15 20:28:37.364266,,True
4464,#cleaning,,,,2025-09-15 20:28:37.364491,,True
4465,#golf,,,,2025-09-15 20:28:37.364503,,True
4466,#clean,,,,2025-09-15 20:28:37.364508,,True
4467,#edge,,,,2025-09-15 20:28:37.364512,,True
4468,#rickross,,,,2025-09-15 20:28:37.364516,,True
4469,#thatlawndude,,,,2025-09-15 20:28:37.364527,,True
4470,#trimmer,,,,2025-09-16 08:37:08.326575,,True
4471,#usatiktoküá∫üá∏,,,,2025-09-16 08:37:08.326883,,True
4472,#sculpture,,,,2025-09-16 08:37:08.326899,,True
4473,#w,,,,2025-09-16 08:37:08.326918,,True
4474,#tips,,,,2025-09-16 08:37:08.326926,,True
4475,#newoven,,,,2025-09-16 12:41:12.484961,,True
4476,#hometool,,,,2025-09-16 12:41:26.887191,,True
4477,#goodtool,,,,2025-09-16 12:41:26.887239,,True
4478,#build,,,,2025-09-16 12:41:41.197928,,True
4479,#outdoorlife,,,,2025-09-16 12:41:51.771852,,True
4480,#outdoorgear,,,,2025-09-16 12:41:51.772067,,True
4481,#holiday,,,,2025-09-16 12:41:51.772079,,True
4482,#washington,,,,2025-09-16 12:41:51.772084,,True
4483,#beautiful,,,,2025-09-16 12:41:51.772096,,True
4484,#outdooradventures,,,,2025-09-16 12:41:51.772107,,True
4485,#cooking,,,,2025-09-16 12:41:51.772111,,True
4486,#hottent,,,,2025-09-16 12:41:51.772115,,True
4487,#couple,,,,2025-09-16 12:42:05.970745,,True
4488,#frames,,,,2025-09-16 12:42:29.371181,,True
4489,#core,,,,2025-09-16 12:42:29.371227,,True
4490,#working,,,,2025-09-16 12:42:29.371238,,True
4491,#landscaping,,,,2025-09-16 12:43:11.208326,,True
4492,#cookinghacks,,,,2025-09-16 12:43:45.918901,,True
4493,#handytools,,,,2025-09-16 12:44:02.228534,,True
4494,#musthave,,,,2025-09-16 12:44:02.228640,,True
4495,#neighbors,,,,2025-09-16 12:44:26.156553,,True
4496,#satisfyingmow,,,,2025-09-16 12:44:26.156803,,True
4497,#landscape,,,,2025-09-16 12:44:26.156818,,True
4498,#maker,,,,2025-09-16 12:44:33.218182,,True
4499,#design,,,,2025-09-16 16:26:33.573111,,True
4500,#electric,,,,2025-09-16 16:26:42.088613,,True
4501,#homeinspo,,,,2025-09-16 16:26:55.056463,,True
4502,#1899,,,,2025-09-16 16:26:55.056555,,True
4503,#joinery,,,,2025-09-16 16:27:16.989537,,True
4504,#joint,,,,2025-09-16 16:27:16.989582,,True
4505,#custom,,,,2025-09-16 16:27:16.989591,,True
4506,#wow,,,,2025-09-16 16:27:16.989598,,True
4507,#crafttiktok,,,,2025-09-16 16:27:16.989650,,True
4508,#friday,,,,2025-09-16 16:28:27.226693,,True
4509,#betterbusinessbureau,,,,2025-09-16 16:28:37.521814,,True
4510,#generativeart,,,,2025-09-16 16:29:05.449314,,True
4511,#carpinter√≠a,,,,2025-09-16 16:30:10.020979,,True
4512,#renovation,,,,2025-09-16 16:30:28.424573,,True
4513,#homehacks,,,,2025-09-17 01:23:11.248255,,True
4514,#maximalism,,,,2025-09-17 01:23:11.248534,,True
4515,#hamptons,,,,2025-09-17 01:23:11.248547,,True
4516,#HomeImprovement,,,,2025-09-17 01:23:11.248552,,True
4517,#HandmadeHome,,,,2025-09-17 01:23:11.248565,,True
4518,#homedemo,,,,2025-09-17 01:23:11.248569,,True
4519,#tool,,,,2025-09-17 01:23:11.248573,,True
4520,#concretecountertop,,,,2025-09-17 01:23:11.248584,,True
4521,#how,,,,2025-09-17 01:23:11.248588,,True
4522,#gardenbed,,,,2025-09-17 01:23:22.657821,,True
4523,#pine,,,,2025-09-17 01:24:05.270541,,True
4524,#bricklayer,,,,2025-09-17 01:24:20.905299,,True
4525,#karanicoleclark,,,,2025-09-17 01:24:54.693957,,True
4526,#stem,,,,2025-09-17 01:25:05.139336,,True
4527,#innovation,,,,2025-09-17 01:25:42.333453,,True
4528,#echo,,,,2025-09-17 01:25:56.848066,,True
4529,#blessings,,,,2025-09-17 01:25:56.848179,,True
4530,#oklahoma,,,,2025-09-17 01:25:56.848193,,True
4531,#1millionviews,,,,2025-09-17 01:25:56.848203,,True
4532,#bracelet,,,,2025-09-17 01:25:56.848208,,True
4533,#makeover,,,,2025-09-17 01:25:56.848215,,True
4534,#davidgoggins,,,,2025-09-17 01:25:56.848219,,True
4535,#appliances,,,,2025-09-17 08:28:04.623747,,True
4536,#theelderswantahashtagtooü¶©,,,,2025-09-17 12:41:03.090883,,True
4537,#3DPrintHacks,,,,2025-09-17 12:42:01.560535,,True
4538,#education,,,,2025-09-17 12:42:01.560746,,True
4539,#concrete,,,,2025-09-17 12:42:16.136504,,True
4540,#propainters,,,,2025-09-17 12:42:16.136552,,True
4541,#content,,,,2025-09-17 12:42:16.136614,,True
4542,#new,,,,2025-09-17 12:42:16.136625,,True
4543,#brick,,,,2025-09-17 12:42:16.136630,,True
4544,#satisfyingvideo,,,,2025-09-17 12:42:16.136634,,True
4545,#worker,,,,2025-09-17 12:42:16.136638,,True
4546,#woodmaster,,,,2025-09-17 12:42:38.874009,,True
4547,#houstonrealtor,,,,2025-09-17 12:42:52.986115,,True
4548,#designhouse,,,,2025-09-17 12:42:52.986208,,True
4549,#homestyling,,,,2025-09-17 12:42:52.986232,,True
4550,#idea,,,,2025-09-17 12:43:51.130178,,True
4551,#crafttok,,,,2025-09-17 12:43:51.130365,,True
4552,#blue,,,,2025-09-17 20:23:13.193645,,True
4553,#cabin,,,,2025-09-17 20:23:13.193843,,True
4554,#designhack,,,,2025-09-17 20:23:51.954979,,True
4555,#furnitures,,,,2025-09-17 20:23:51.955026,,True
4556,#MillingWood,,,,2025-09-17 20:25:05.226178,,True
4557,#woodcarving,,,,2025-09-17 20:25:05.226360,,True
4558,#SmartWoodworking,,,,2025-09-17 20:25:05.226379,,True
4559,#homebuilding,,,,2025-09-17 20:25:53.516012,,True
4560,#HandmadeShelves,,,,2025-09-17 20:26:07.418069,,True
4561,#grow,,,,2025-09-17 20:26:30.908644,,True
4562,#homeimprovment,,,,2025-09-17 20:26:47.340872,,True
4563,#woodworking,,,,2025-09-18 08:28:20.468576,,True
4564,#worklife,,,,2025-09-18 20:23:16.507770,,True
4565,#gadgets,,,,2025-09-18 20:23:16.508088,,True
4566,#florida,,,,2025-09-18 20:23:51.209263,,True
4567,#beast,,,,2025-09-18 20:23:51.209313,,True
4568,#jardineria,,,,2025-09-18 20:24:15.358816,,True
4569,#theboys,,,,2025-09-18 20:24:15.358915,,True
4570,#workoutmotivation,,,,2025-09-18 20:24:15.358929,,True
4571,#landowner,,,,2025-09-18 20:24:15.358934,,True
4572,#beginninggardener,,,,2025-09-18 20:24:15.358938,,True
4573,#perfectyard,,,,2025-09-18 20:24:15.358942,,True
4574,#drewdirksen,,,,2025-09-18 20:24:46.959234,,True
4575,#custommade,,,,2025-09-18 20:25:18.350682,,True
4576,#InteriorDesign,,,,2025-09-18 20:25:18.350723,,True
4577,#stanley,,,,2025-09-18 20:25:18.350732,,True
4578,#Chair,,,,2025-09-18 20:25:18.350737,,True
4579,#woodworker,,,,2025-09-18 20:25:18.350799,,True
4580,#EcoFriendlyArt,,,,2025-09-18 20:25:18.350804,,True
4581,#ratchet,,,,2025-09-18 20:25:49.486196,,True
4582,#Good,,,,2025-09-18 20:25:49.486243,,True
4583,#maynardjameskeenan,,,,2025-09-18 20:25:49.486254,,True
4584,#hikingtips,,,,2025-09-18 20:26:00.876692,,True
4585,#adventuretravel,,,,2025-09-18 20:26:00.876738,,True
4586,#outdoorsy,,,,2025-09-18 20:26:00.876749,,True
4587,#wildcamping,,,,2025-09-18 20:26:00.876757,,True
4588,#woman,,,,2025-09-18 20:26:21.298314,,True
4589,#london,,,,2025-09-18 20:26:36.964534,,True
4590,#bespoke,,,,2025-09-18 20:26:36.964623,,True
4591,#kitchentour,,,,2025-09-18 20:27:06.569906,,True
4592,#chillvibes,,,,2025-09-18 20:27:06.569955,,True
4593,#artstudio,,,,2025-09-18 20:27:36.438027,,True
4594,#teacher,,,,2025-09-18 20:27:51.271328,,True
4595,#customart,,,,2025-09-18 20:27:51.271377,,True
4596,#genius,,,,2025-09-18 20:27:51.271387,,True
4597,#dogs,,,,2025-09-18 20:27:51.271395,,True
4598,#harvest,,,,2025-09-18 20:28:04.446492,,True
4599,#gardentotable,,,,2025-09-18 20:28:04.446546,,True
4600,#gardenlife,,,,2025-09-18 20:28:04.446555,,True
4601,#homegardening,,,,2025-09-18 20:28:04.446563,,True
4602,#summer,,,,2025-09-18 20:28:04.446570,,True
4603,#greenqueens,,,,2025-09-18 20:28:04.446578,,True
4604,#korean,,,,2025-09-18 20:28:23.230202,,True
4605,#sagesmokesurvival,,,,2025-09-19 08:26:49.960820,,True
4606,#green,,,,2025-09-19 08:26:49.961126,,True
4607,#lawn,,,,2025-09-19 08:27:00.201837,,True
4608,#arbortec,,,,2025-09-19 08:27:00.201886,,True
4609,#memorialday,,,,2025-09-19 08:27:00.201940,,True
4610,#windfastener,,,,2025-09-19 08:27:09.479641,,True
4611,#sb,,,,2025-09-19 08:27:23.829353,,True
4612,#smarthome,,,,2025-09-19 08:27:45.965133,,True
4613,#sister,,,,2025-09-19 08:28:09.832719,,True
4614,#ireland,,,,2025-09-19 08:28:53.845468,,True
4615,#stair,,,,2025-09-19 08:30:00.917620,,True
4616,#upcycling,,,,2025-09-19 12:41:21.109794,,True
4617,#snack,,,,2025-09-19 16:24:51.054478,,True
4618,#please,,,,2025-09-19 16:24:51.054797,,True
4619,#gaggenau,,,,2025-09-19 16:25:32.558973,,True
4620,#pasta,,,,2025-09-19 16:25:32.559022,,True
4621,#sculptureart,,,,2025-09-19 16:26:26.183742,,True
4622,#Carpenter,,,,2025-09-19 16:26:26.183954,,True
4623,#woods,,,,2025-09-19 16:26:26.183975,,True
4624,#constructionlife,,,,2025-09-19 16:26:51.218074,,True
4625,#leocarpentry,,,,2025-09-19 16:26:51.218303,,True
4626,#builder,,,,2025-09-19 16:26:51.218322,,True
4627,#building,,,,2025-09-19 16:26:51.218328,,True
4628,#union,,,,2025-09-19 16:26:51.218332,,True
4629,#realestate,,,,2025-09-19 16:26:51.218343,,True
4630,#canada,,,,2025-09-19 16:26:51.218347,,True
4631,#makita,,,,2025-09-19 16:26:51.218350,,True
4632,#newhome,,,,2025-09-19 16:26:51.218354,,True
4633,#colorful,,,,2025-09-19 16:27:31.281891,,True
4634,#trees,,,,2025-09-19 16:27:31.282070,,True
4635,#alternative,,,,2025-09-19 20:23:58.016461,,True
4636,#hometips,,,,2025-09-19 20:23:58.016678,,True
4637,#vintagehome,,,,2025-09-19 20:23:58.016701,,True
4638,#olympic,,,,2025-09-19 20:24:11.797275,,True
4639,#kidsoftiktok,,,,2025-09-19 20:26:57.282751,,True
4640,#dreamkitchen,,,,2025-09-20 01:21:16.013935,,True
4641,#decoration,,,,2025-09-20 01:21:16.014148,,True
4642,#animation,,,,2025-09-20 01:21:37.586640,,True
4643,#reno,,,,2025-09-20 01:22:55.250053,,True
4644,#DevotionAndRespect,,,,2025-09-20 01:22:55.250245,,True
4645,#insulation,,,,2025-09-20 01:22:55.250264,,True
4646,#exterior,,,,2025-09-20 01:22:55.250292,,True
4647,#work,,,,2025-09-20 01:23:07.771153,,True
4648,#welding,,,,2025-09-20 01:23:43.906279,,True
4649,#science,,,,2025-09-20 01:23:43.906509,,True
4650,#outdoor,,,,2025-09-20 01:23:51.046829,,True
4651,#artsandcrafts,,,,2025-09-20 04:24:14.298535,,True
4652,#lejardin,,,,2025-09-20 04:24:14.298839,,True
4653,#nightlight,,,,2025-09-20 04:24:14.298871,,True
4654,#Gardeners,,,,2025-09-20 04:24:28.914912,,True
4655,#Garden,,,,2025-09-20 04:24:28.914958,,True
4656,#luxuryliving,,,,2025-09-20 04:25:45.426808,,True
4657,#trimming,,,,2025-09-20 04:26:47.547174,,True
4658,#grass,,,,2025-09-20 04:26:47.547419,,True
4659,#cooker,,,,2025-09-20 04:27:03.749575,,True
4660,#dyson,,,,2025-09-20 04:27:03.749650,,True
4661,#trimtrees,,,,2025-09-20 04:27:20.619608,,True
4662,#satisfaction,,,,2025-09-20 04:27:20.619646,,True
4663,#Woodworking,,,,2025-09-20 12:37:09.749851,,True
4664,#entertainment,,,,2025-09-20 12:37:20.493967,,True
4665,#homeowner,,,,2025-09-20 12:37:20.494014,,True
4666,#Viral,,,,2025-09-20 12:37:20.494072,,True
4667,#diamond,,,,2025-09-20 12:37:56.708029,,True
4668,#reciprocatingsaw,,,,2025-09-20 12:38:29.102842,,True
4669,#giftideasforhim,,,,2025-09-20 12:38:29.103045,,True
4670,#dyllie,,,,2025-09-20 12:39:00.085297,,True
4671,#interior124,,,,2025-09-20 12:39:10.792116,,True
4672,#highmountain,,,,2025-09-20 12:39:28.279014,,True
4673,#plana,,,,2025-09-20 12:39:28.279241,,True
4674,#wildcamling,,,,2025-09-20 12:39:28.279265,,True
4675,#outdoorlover,,,,2025-09-20 12:39:28.279274,,True
4676,#outdoorsygals,,,,2025-09-20 12:39:28.279311,,True
4677,#inspiration,,,,2025-09-20 12:39:28.279319,,True
4678,#snapontools,,,,2025-09-20 12:39:38.402195,,True
4679,#usa,,,,2025-09-20 12:39:38.402241,,True
4680,#tip,,,,2025-09-20 12:40:09.743179,,True
4681,#survivaltechniques,,,,2025-09-20 20:21:15.312695,,True
4682,#gorp,,,,2025-09-20 20:21:15.312886,,True
4683,#Art,,,,2025-09-20 20:22:01.222609,,True
4684,#colormarker,,,,2025-09-20 20:22:01.222709,,True
4685,#walnut,,,,2025-09-20 20:22:01.222724,,True
4686,#ultimateinvasion,,,,2025-09-20 20:22:01.222745,,True
4687,#marveledit,,,,2025-09-20 20:22:01.222750,,True
4688,#satisfyingsounds,,,,2025-09-20 20:22:24.288368,,True
4689,#organicgardening,,,,2025-09-20 20:22:45.515226,,True
4690,#acreage,,,,2025-09-20 20:23:20.721205,,True
4691,#ModernLivingRoom,,,,2025-09-21 01:30:51.912378,,True
4692,#chairbuilding,,,,2025-09-21 01:31:03.380831,,True
4693,#hercules,,,,2025-09-21 01:31:29.791202,,True
4694,#cinematic,,,,2025-09-21 01:31:59.138950,,True
4695,#woodhouse,,,,2025-09-21 01:32:13.102362,,True
4696,#crazy,,,,2025-09-21 01:32:13.102444,,True
4697,#pinterest,,,,2025-09-21 01:32:38.001256,,True
4698,#funiture,,,,2025-09-21 01:32:38.001344,,True
4699,#motherhood,,,,2025-09-21 01:32:55.828129,,True
4700,#makingahome,,,,2025-09-21 01:33:10.303176,,True
4701,#kitchenhood,,,,2025-09-21 01:33:21.649247,,True
4702,#luxurylifestyle,,,,2025-09-21 01:33:21.649284,,True
4703,#beautifulappliances,,,,2025-09-21 01:33:36.779305,,True
4704,#kidproof,,,,2025-09-21 01:33:36.779350,,True
4705,#leedearü•∞9,,,,2025-09-21 01:33:50.958607,,True
4706,#speed,,,,2025-09-21 01:33:50.958651,,True
4707,#smartdesign,,,,2025-09-21 01:33:50.958662,,True
4708,#homeownership,,,,2025-09-21 01:33:50.958668,,True
4709,#cool,,,,2025-09-21 01:33:50.958675,,True
4710,#easter,,,,2025-09-21 01:34:04.006915,,True
4711,#mac,,,,2025-09-21 01:34:04.006959,,True
4712,#Tools,,,,2025-09-21 01:34:04.006970,,True
4713,#carpenters,,,,2025-09-21 01:34:45.743459,,True
4714,#wood,,,,2025-09-21 04:24:32.225432,,True
4715,#homedecor,,,,2025-09-21 12:37:18.624875,,True
4716,#skilledtrades,,,,2025-09-21 12:37:18.625105,,True
4717,#joerogan,,,,2025-09-21 12:37:18.625133,,True
4718,#actualgardening,,,,2025-09-21 12:37:54.027955,,True
4719,#gardenstyle,,,,2025-09-21 12:37:54.028180,,True
4720,#sunrise,,,,2025-09-21 12:37:54.028200,,True
4721,#whimsy,,,,2025-09-21 12:37:54.028212,,True
4722,#herbs,,,,2025-09-21 12:37:54.028224,,True
4723,#handmade,,,,2025-09-21 12:39:37.511603,,True
4724,#edging,,,,2025-09-22 01:30:20.109162,,True
4725,#grasstoküå±,,,,2025-09-22 01:30:20.109363,,True
4726,#YardHacks,,,,2025-09-22 01:30:20.109389,,True
4727,#lawncareowner,,,,2025-09-22 01:30:20.109398,,True
4728,#SatisfyingMowing,,,,2025-09-22 01:30:20.109405,,True
4729,#marble,,,,2025-09-22 01:30:46.147947,,True
4730,#woodwoker,,,,2025-09-22 01:32:01.807030,,True
4731,#bestbuild,,,,2025-09-22 01:32:15.757486,,True
4732,#gardengoals,,,,2025-09-22 01:33:26.185759,,True
4733,#lavender,,,,2025-09-22 01:33:26.185804,,True
4734,#dreamy,,,,2025-09-22 01:33:26.185813,,True
4735,#survival,,,,2025-09-22 01:33:26.185821,,True
4736,#tipsforwomen,,,,2025-09-22 01:33:26.185829,,True
4737,#gardener,,,,2025-09-22 01:33:26.185836,,True
4738,#homebody,,,,2025-09-22 01:33:26.185843,,True
4739,#homegrown,,,,2025-09-22 01:33:26.185849,,True
4740,#gardenclub,,,,2025-09-22 01:33:26.185856,,True
4741,#powertoolchallenge,,,,2025-09-22 01:33:58.542480,,True
4742,#prettygirls,,,,2025-09-22 01:33:58.542528,,True
4743,#sparkylife,,,,2025-09-22 01:33:58.542539,,True
4744,#electricalcontractor,,,,2025-09-22 01:33:58.542546,,True
4745,#solar,,,,2025-09-22 01:33:58.542554,,True
4746,#upgrade,,,,2025-09-22 01:33:58.542561,,True
4747,#guessinggame,,,,2025-09-22 01:33:58.542569,,True
4748,#homediy,,,,2025-09-22 01:33:58.542577,,True
4749,#review,,,,2025-09-22 01:33:58.542585,,True
4750,#view,,,,2025-09-22 01:35:09.394683,,True
4751,#hiking,,,,2025-09-22 04:24:58.333048,,True
4752,#movingdiaries,,,,2025-09-22 04:25:12.748987,,True
4753,#cottage,,,,2025-09-22 04:25:12.749070,,True
4754,#trabajadores,,,,2025-09-22 04:25:34.557040,,True
4755,#residential,,,,2025-09-22 04:25:34.557247,,True
4756,#backyardvibes,,,,2025-09-22 04:25:50.959619,,True
4757,#newbuild,,,,2025-09-22 04:25:50.959702,,True
4758,#woodworkingwoman,,,,2025-09-22 04:26:16.627930,,True
4759,#functionaltraining,,,,2025-09-22 04:26:40.317759,,True
4760,#cozy,,,,2025-09-22 04:27:23.595903,,True
4761,#proudmoment,,,,2025-09-22 04:27:23.596105,,True
4762,#tile,,,,2025-09-22 04:27:45.131892,,True
4763,#greenhouse,,,,2025-09-22 16:27:09.344806,,True
4764,#halloween,,,,2025-09-22 16:27:24.672830,,True
4765,#zachbryan,,,,2025-09-22 16:28:00.490143,,True
4766,#creative,,,,2025-09-22 16:28:25.997698,,True
4767,#creativityuplift,,,,2025-09-22 16:28:25.997915,,True
4768,#creativitymaster,,,,2025-09-22 16:28:25.997927,,True
4769,#artistart,,,,2025-09-22 16:28:25.997932,,True
4770,#trendingnow,,,,2025-09-22 16:28:25.997953,,True
4771,#812,,,,2025-09-22 16:29:04.692826,,True
4772,#jardinero,,,,2025-09-22 16:29:04.693039,,True
4773,#gold,,,,2025-09-22 16:29:04.693051,,True
4774,#perfectcut,,,,2025-09-22 16:29:04.693057,,True
4775,#worktruck,,,,2025-09-22 16:29:04.693062,,True
4776,#concretelife,,,,2025-09-22 16:29:04.693101,,True
4777,#gforce,,,,2025-09-22 16:29:04.693108,,True
4778,#mygarden,,,,2025-09-22 16:29:04.693112,,True
4779,#calidadlandscapes,,,,2025-09-22 16:29:04.693115,,True
4780,#winter,,,,2025-09-22 16:29:27.494239,,True
4781,#rocks,,,,2025-09-22 16:29:39.283127,,True
4782,#sofa,,,,2025-09-22 16:29:54.611024,,True
